{
  "version": 1,
  "author": "Anonymous maker",
  "editor": "wokwi",
  "parts": [
    { "type": "wokwi-arduino-uno", "id": "uno", "top": 0, "left": 0, "attrs": {} },
    {
      "type": "wokwi-led-bar-graph",
      "id": "bargraph1",
      "top": -14.4,
      "left": -216,
      "attrs": { "color": "lime" }
    },
    { "type": "wokwi-potentiometer", "id": "pot1", "top": 305.9, "left": -9.8, "attrs": {} },
    {
      "type": "wokwi-resistor",
      "id": "r1",
      "top": 100.8,
      "left": -125.35,
      "rotate": 270,
      "attrs": { "value": "1000" }
    }
  ],
  "connections": [
    [ "bargraph1:A1", "uno:0", "green", [ "h-48", "v-48", "h518.4" ] ],
    [ "bargraph1:A2", "uno:1", "green", [ "h-67.2", "v-76.8", "h528" ] ],
    [ "bargraph1:A3", "uno:2", "green", [ "h-76.8", "v-96", "h518.4" ] ],
    [ "bargraph1:A4", "uno:3", "green", [ "h-86.4", "v-124.8", "h518.4" ] ],
    [ "bargraph1:A5", "uno:4", "green", [ "h-96", "v-153.61", "h9.6" ] ],
    [ "bargraph1:A6", "uno:5", "green", [ "h-76.8", "v-172.81", "h480", "v0", "h28.8" ] ],
    [ "bargraph1:A7", "uno:6", "green", [ "h-115.2", "v-0.01", "h0", "v-201.6", "h9.6" ] ],
    [ "bargraph1:A8", "uno:A0", "green", [ "h-57.6", "v191.99", "h0" ] ],
    [ "bargraph1:A9", "uno:A1", "green", [ "h-105.6", "v201.59", "h537.6", "v-9.6" ] ],
    [ "bargraph1:A10", "uno:A2", "green", [ "h-115.2", "v211.19", "h556.8", "v-9.6" ] ],
    [ "pot1:VCC", "uno:5V", "red", [ "v28.8", "h-135.2", "v-182.4", "h240" ] ],
    [ "pot1:SIG", "pot1:GND", "green", [ "v0" ] ],
    [ "pot1:GND", "uno:GND.2", "black", [ "v38.4", "h-144", "v-96", "h9.6", "v-86.4", "h278.4" ] ],
    [ "pot1:SIG", "uno:A3", "green", [ "v57.6", "h57.2", "v-9.6", "h153.6" ] ],
    [ "r1:1", "uno:GND.3", "green", [ "h278.1", "v56.2" ] ],
    [ "r1:2", "bargraph1:C1", "green", [ "h-0.3", "v-86.6", "h0" ] ],
    [ "bargraph1:C2", "r1:2", "green", [ "h0" ] ],
    [ "bargraph1:C3", "r1:2", "green", [ "h0" ] ],
    [ "bargraph1:C4", "r1:2", "green", [ "h86.62", "v9.6" ] ],
    [ "bargraph1:C5", "r1:2", "green", [ "h86.62", "v-0.01" ] ],
    [ "bargraph1:C6", "r1:2", "green", [ "h86.62", "v-0.01" ] ],
    [ "bargraph1:C7", "r1:2", "green", [ "h86.62", "v9.59" ] ],
    [ "bargraph1:C8", "r1:2", "green", [ "h86.62", "v-0.01" ] ],
    [ "bargraph1:C9", "r1:2", "green", [ "h86.62", "v-0.01", "h0", "v0", "h0" ] ],
    [ "bargraph1:C10", "r1:2", "green", [ "h77.02", "v9.59" ] ]
  ],
  "dependencies": {}
}